{"cameraMode":{"drawMode":0,"name":"Shaded","section":"Shading Mode"},"sceneLighting":true,"audioPlay":false,"sceneViewState":{"showFog":true,"showMaterialUpdate":false,"showSkybox":true,"showFlares":true,"showImageEffects":true,"showParticleSystems":true},"in2DMode":false,"pivot":{"x":5.6022233963012699,"y":-27.392196655273439,"z":-1.7739067077636719},"rotation":{"x":0.43796926736831667,"y":-0.06194575875997543,"z":0.03026818111538887,"w":0.8963444232940674},"size":55.55503845214844,"orthographic":false}