{"cameraMode":{"drawMode":0,"name":"Shaded","section":"Shading Mode"},"sceneLighting":false,"audioPlay":false,"sceneViewState":{"showFog":true,"showMaterialUpdate":false,"showSkybox":false,"showFlares":true,"showImageEffects":true,"showParticleSystems":true},"in2DMode":false,"pivot":{"x":0.01746833324432373,"y":24.15983772277832,"z":26.258115768432618},"rotation":{"x":0.08240509778261185,"y":0.005980104673653841,"z":-0.0004950147122144699,"w":0.9965839982032776},"size":35.95537185668945,"orthographic":false}