{"cameraMode":{"drawMode":0,"name":"Shaded","section":"Shading Mode"},"sceneLighting":false,"audioPlay":false,"sceneViewState":{"showFog":true,"showMaterialUpdate":false,"showSkybox":false,"showFlares":true,"showImageEffects":true,"showParticleSystems":true},"in2DMode":false,"pivot":{"x":-2.714113712310791,"y":1.076324224472046,"z":0.2756509780883789},"rotation":{"x":-0.06532933562994003,"y":-0.7076360583305359,"z":-0.06600182503461838,"w":0.7004539966583252},"size":3.4358925819396974,"orthographic":false}