{"cameraMode":{"drawMode":0,"name":"Shaded","section":"Shading Mode"},"sceneLighting":false,"audioPlay":false,"sceneViewState":{"showFog":true,"showMaterialUpdate":false,"showSkybox":false,"showFlares":true,"showImageEffects":true,"showParticleSystems":true},"in2DMode":false,"pivot":{"x":0.346571147441864,"y":-1.1490318775177003,"z":-0.6709885597229004},"rotation":{"x":0.3049449026584625,"y":-0.009999645873904229,"z":0.0032020399812608959,"w":0.952312171459198},"size":3.6756999492645265,"orthographic":false}