{"cameraMode":{"drawMode":0,"name":"Shaded","section":"Shading Mode"},"sceneLighting":false,"audioPlay":false,"sceneViewState":{"showFog":true,"showMaterialUpdate":false,"showSkybox":false,"showFlares":true,"showImageEffects":true,"showParticleSystems":true},"in2DMode":false,"pivot":{"x":-1.4843289852142335,"y":-0.22743988037109376,"z":-10.075614929199219},"rotation":{"x":0.3865068256855011,"y":0.015216674655675888,"z":-0.0063779400661587719,"w":0.9221394062042236},"size":54.978363037109378,"orthographic":false}