{"cameraMode":{"drawMode":0,"name":"Shaded","section":"Shading Mode"},"sceneLighting":false,"audioPlay":false,"sceneViewState":{"showFog":true,"showMaterialUpdate":false,"showSkybox":false,"showFlares":true,"showImageEffects":true,"showParticleSystems":true},"in2DMode":false,"pivot":{"x":-0.7801413536071777,"y":0.04649287462234497,"z":1.0267657041549683},"rotation":{"x":0.0676172524690628,"y":-0.7011443972587586,"z":0.06709034740924835,"w":0.7066318988800049},"size":1.4098436832427979,"orthographic":false}