{"cameraMode":{"drawMode":0,"name":"Shaded","section":"Shading Mode"},"sceneLighting":false,"audioPlay":false,"sceneViewState":{"showFog":true,"showMaterialUpdate":false,"showSkybox":false,"showFlares":true,"showImageEffects":true,"showParticleSystems":true},"in2DMode":false,"pivot":{"x":1.0246706008911133,"y":-7.758685111999512,"z":9.744514465332032},"rotation":{"x":0.27909475564956667,"y":-0.01728357933461666,"z":0.00502429436892271,"w":0.960096001625061},"size":14.904441833496094,"orthographic":false}