{"cameraMode":{"drawMode":0,"name":"Shaded","section":"Shading Mode"},"sceneLighting":false,"audioPlay":false,"sceneViewState":{"showFog":true,"showMaterialUpdate":false,"showSkybox":false,"showFlares":true,"showImageEffects":true,"showParticleSystems":true},"in2DMode":false,"pivot":{"x":-0.520984947681427,"y":-1.7838389873504639,"z":3.278310775756836},"rotation":{"x":0.08537114411592484,"y":-0.02390882559120655,"z":0.002051857765763998,"w":0.9960656762123108},"size":5.066025733947754,"orthographic":false}